{"_timestamp": 1722349077.6907287, "_runtime": 24.950915575027466, "_step": 0}