{"_timestamp": 1722349666.6035452, "_runtime": 24.174965143203735, "_step": 0}