{"_timestamp": 1722506596.0566275, "_runtime": 43.84207844734192, "_step": 0, "_wandb": {"runtime": 129}}