{"_timestamp": 1705593724.3642428, "_runtime": 2376.110553741455, "_step": 1128, "Val:Attention": {"_type": "image-file", "sha256": "dbbce7f0585df1be476e27f9b63977a69692745c15cac05a4a8d53066bb49475", "size": 40133, "path": "media/images/Val:Attention_1073_dbbce7f0585df1be476e.png", "format": "png", "width": 2000, "height": 800}, "train_loss": 0.04692086577415466, "epoch": 57, "trainer/global_step": 2139, "val_loss": 0.0888538509607315}