{"_timestamp": 1722507150.0204043, "_runtime": 33.85061836242676, "_step": 0, "_wandb": {"runtime": 103}}