{"_timestamp": 1724252026.4489229, "_runtime": 117.34725880622864, "_step": 7, "train_loss": 0.6270267963409424, "epoch": 0, "trainer/global_step": 13}