{"_timestamp": 1722507565.003606, "_runtime": 35.327409982681274, "_step": 0, "_wandb": {"runtime": 104}}