{"_timestamp": 1722507424.5913754, "_runtime": 34.321999311447144, "_step": 0, "_wandb": {"runtime": 103}}