{"_timestamp": 1721737875.5144033, "_runtime": 315.9256844520569, "_step": 40, "Val:Attention": {"_type": "image-file", "sha256": "d5e7d93ac4f3bb06bcac7dbc0c6ae432dc2b262f556549a6f7043d41460d4d38", "size": 38222, "path": "media/images/Val:Attention_2_d5e7d93ac4f3bb06bcac.png", "format": "png", "width": 2000, "height": 800}, "train_loss": 0.08240208774805069, "epoch": 1, "trainer/global_step": 73}