{"_timestamp": 1724246165.0264623, "_runtime": 17.64259123802185, "_step": 0}