{"_timestamp": 1722508565.447726, "_runtime": 37.48152303695679, "_step": 0, "_wandb": {"runtime": 115}}